SERVER,DATABASE,COUNTRY,banEmailDomain
p7ru5.tradesoft.ru,ar_02mm,russia,
p7ru5.tradesoft.ru,ar_alfaauto,russia,
p7ru5.tradesoft.ru,ar_aprice72,russia,
p7ru5.tradesoft.ru,ar_autozastava,russia,
p7ru5.tradesoft.ru,ar_avtodokpart,russia,
p7ru5.tradesoft.ru,ar_avtoelets,russia,
p7ru5.tradesoft.ru,ar_avtogatchina,russia,
p7ru5.tradesoft.ru,ar_avtomarkasu,russia,
p7ru5.tradesoft.ru,ar_avtomarket,russia,
p7ru5.tradesoft.ru,ar_avtomarket_upd,russia,
p7ru5.tradesoft.ru,ar_avtozar,russia,
p7ru5.tradesoft.ru,ar_ban74_war6,russia,
p7ru5.tradesoft.ru,ar_ban74_war6_upd,russia,
p7ru5.tradesoft.ru,ar_bibidn,russia,
p7ru5.tradesoft.ru,ar_detality,russia,
p7ru5.tradesoft.ru,ar_inomarka18,russia,
p7ru5.tradesoft.ru,ar_interpart,russia,
p7ru5.tradesoft.ru,ar_materikavto,russia,
p7ru5.tradesoft.ru,ar_mikasauto,russia,
p7ru5.tradesoft.ru,ar_rrparts_war6,russia,
p7ru5.tradesoft.ru,ar_rrparts_war6_test,russia,
p7ru5.tradesoft.ru,ar_selectdetail,russia,
p7ru5.tradesoft.ru,ar_tehzap,russia,
p7ru5.tradesoft.ru,ar_tkprofi,russia,
p7ru5.tradesoft.ru,ar_top_detali,russia,
p7ru5.tradesoft.ru,ar_top_detali_upd,russia,
p7ru5.tradesoft.ru,ar_vinorder,russia,
p7ru4.tradesoft.ru,ar_3444666,russia,
p7ru4.tradesoft.ru,ar_activautoru,russia,
p7ru4.tradesoft.ru,ar_activautoru_upd,russia,
p7ru4.tradesoft.ru,ar_aliniyayug,russia,
p7ru4.tradesoft.ru,ar_aliniyayug_upd,russia,
p7ru4.tradesoft.ru,ar_aparts,russia,
p7ru4.tradesoft.ru,ar_autoexpr_spb,russia,
p7ru4.tradesoft.ru,ar_autopartypart,russia,
p7ru4.tradesoft.ru,ar_avtoluch72,russia,
p7ru4.tradesoft.ru,ar_avtomagazin66,russia,
p7ru4.tradesoft.ru,ar_avtoytsru,russia,
p7ru4.tradesoft.ru,ar_avtoytsru_upd,russia,
p7ru4.tradesoft.ru,ar_cosmos,russia,
p7ru4.tradesoft.ru,ar_dakaravto,russia,
p7ru4.tradesoft.ru,ar_dakaravto_test,russia,
p7ru4.tradesoft.ru,ar_dealauto,russia,
p7ru4.tradesoft.ru,ar_demo15,russia,
p7ru4.tradesoft.ru,ar_demo20,russia,
p7ru4.tradesoft.ru,ar_demo200,russia,
p7ru4.tradesoft.ru,ar_demo201,russia,
p7ru4.tradesoft.ru,ar_demo203,russia,
p7ru4.tradesoft.ru,ar_demo204,russia,
p7ru4.tradesoft.ru,ar_demo21,russia,
p7ru4.tradesoft.ru,ar_demo22,russia,
p7ru4.tradesoft.ru,ar_demo24,russia,
p7ru4.tradesoft.ru,ar_demo25,russia,
p7ru4.tradesoft.ru,ar_demo26,russia,
p7ru4.tradesoft.ru,ar_demo27,russia,
p7ru4.tradesoft.ru,ar_demo29,russia,
p7ru4.tradesoft.ru,ar_demo33,russia,
p7ru4.tradesoft.ru,ar_demo34,russia,
p7ru4.tradesoft.ru,ar_detalium1,russia,
p7ru4.tradesoft.ru,ar_dimaravto,russia,
p7ru4.tradesoft.ru,ar_dimaravto_upd,russia,
p7ru4.tradesoft.ru,ar_fcparts,russia,
p7ru4.tradesoft.ru,ar_inomarka48,russia,
p7ru4.tradesoft.ru,ar_ksparts,russia,
p7ru4.tradesoft.ru,ar_lastwagen,russia,
p7ru4.tradesoft.ru,ar_mygtru,russia,
p7ru4.tradesoft.ru,ar_newmbcar,russia,
p7ru4.tradesoft.ru,ar_original23,russia,
p7ru4.tradesoft.ru,ar_rusamara72,russia,
p7ru4.tradesoft.ru,ar_softruck,russia,
p7ru4.tradesoft.ru,ar_softruck_upd,russia,
p7ru4.tradesoft.ru,ar_torparts,russia,
p7ru4.tradesoft.ru,ar_zapmaster,russia,
p7ru4.tradesoft.ru,ar_zapmaster_upd,russia,
p7ru4.tradesoft.ru,ar_zipdoc,russia,
p7ru1.tradesoft.ru,ar_911avto,russia,
p7ru1.tradesoft.ru,ar_911avto_upd,russia,
p7ru1.tradesoft.ru,ar_al93ru,russia,
p7ru1.tradesoft.ru,ar_al93ru_upd,russia,
p7ru1.tradesoft.ru,ar_atomzp,russia,
p7ru1.tradesoft.ru,ar_auto33org,russia,
p7ru1.tradesoft.ru,ar_autodetal833,russia,
p7ru1.tradesoft.ru,ar_autodetal833_upd,russia,
p7ru1.tradesoft.ru,ar_autoecat,russia,
p7ru1.tradesoft.ru,ar_autoecat_test,russia,
p7ru1.tradesoft.ru,ar_autohm_upd,russia,
p7ru1.tradesoft.ru,ar_autohm_v1,russia,
p7ru1.tradesoft.ru,ar_avizone,russia,
p7ru1.tradesoft.ru,ar_avtoareal,russia,
p7ru1.tradesoft.ru,ar_avtokladrf,russia,
p7ru1.tradesoft.ru,ar_avtokladrf_test,russia,
p7ru1.tradesoft.ru,ar_avtomir57,russia,
p7ru1.tradesoft.ru,ar_avtozona,russia,
p7ru1.tradesoft.ru,ar_avtozona_upd,russia,
p7ru1.tradesoft.ru,ar_avtozone,russia,
p7ru1.tradesoft.ru,ar_avtozone_upd,russia,
p7ru1.tradesoft.ru,ar_betaauto,russia,
p7ru1.tradesoft.ru,ar_carprice72,russia,
p7ru1.tradesoft.ru,ar_dalsklad,russia,
p7ru1.tradesoft.ru,ar_dalsklad_test,russia,
p7ru1.tradesoft.ru,ar_debugp5g4,russia,
p7ru1.tradesoft.ru,ar_dikatauto,russia,
p7ru1.tradesoft.ru,ar_dp43net,russia,
p7ru1.tradesoft.ru,ar_drayver72,russia,
p7ru1.tradesoft.ru,ar_driver62,russia,
p7ru1.tradesoft.ru,ar_driver62_upd,russia,
p7ru1.tradesoft.ru,ar_esto,russia,
p7ru1.tradesoft.ru,ar_expertauto,russia,
p7ru1.tradesoft.ru,ar_expertauto_upd,russia,
p7ru1.tradesoft.ru,ar_expressdetail,russia,
p7ru1.tradesoft.ru,ar_glavzap,russia,
p7ru1.tradesoft.ru,ar_hdrazbor,russia,
p7ru1.tradesoft.ru,ar_kirovkuzov,russia,
p7ru1.tradesoft.ru,ar_kubanparts_w6,russia,
p7ru1.tradesoft.ru,ar_kuzovnoe,russia,
p7ru1.tradesoft.ru,ar_kuzovnoe_test,russia,
p7ru1.tradesoft.ru,ar_kwant,russia,
p7ru1.tradesoft.ru,ar_kyariz,russia,
p7ru1.tradesoft.ru,ar_kyariz_upd,russia,
p7ru1.tradesoft.ru,ar_medvedavto,russia,
p7ru1.tradesoft.ru,ar_mitruck,russia,
p7ru1.tradesoft.ru,ar_mosproopt,russia,
p7ru1.tradesoft.ru,ar_mosproopt_test,russia,
p7ru1.tradesoft.ru,ar_nemanauto,russia,
p7ru1.tradesoft.ru,ar_nemanauto_test,russia,
p7ru1.tradesoft.ru,ar_newautoru,russia,
p7ru1.tradesoft.ru,ar_newbusmb,russia,
p7ru1.tradesoft.ru,ar_newbusmb_test,russia,
p7ru1.tradesoft.ru,ar_newbusmb_upd,russia,
p7ru1.tradesoft.ru,ar_oktan34,russia,
p7ru1.tradesoft.ru,ar_oktan34_upd,russia,
p7ru1.tradesoft.ru,ar_olddetali72,russia,
p7ru1.tradesoft.ru,ar_partline,russia,"gmail.com, icloud.com, hotmail.com, outlook.com, yahoo.com, mail.com, proton.me, aol.com, gmx.com, zoho.com"
p7ru1.tradesoft.ru,ar_partline_upd,russia,
p7ru1.tradesoft.ru,ar_parts4peop,russia,
p7ru1.tradesoft.ru,ar_profi174ru,russia,
p7ru1.tradesoft.ru,ar_reniy,russia,
p7ru1.tradesoft.ru,ar_repart,russia,
p7ru1.tradesoft.ru,ar_repart_upd,russia,
p7ru1.tradesoft.ru,ar_rkavto,russia,
p7ru1.tradesoft.ru,ar_teslatechnics,russia,
p7ru1.tradesoft.ru,ar_va36,russia,
p7ru1.tradesoft.ru,ar_va36_upd,russia,
p7ru1.tradesoft.ru,ar_valarauto,russia,
p7ru1.tradesoft.ru,ar_valarauto_test,russia,
p7ru1.tradesoft.ru,ar_variatornt,russia,
p7ru1.tradesoft.ru,ar_variatornt_upd,russia,
p7ru1.tradesoft.ru,ar_zap14,russia,
p7ru1.tradesoft.ru,ar_zap14_test,russia,
p7ru1.tradesoft.ru,ar_zopt,russia,
p7ru8.tradesoft.ru,ar_02auto,russia,
p7ru8.tradesoft.ru,ar_1avto,russia,
p7ru8.tradesoft.ru,ar_29auto,russia,
p7ru8.tradesoft.ru,ar_2bampera,russia,
p7ru8.tradesoft.ru,ar_7serkz1,russia,
p7ru8.tradesoft.ru,ar_aboltparts,russia,
p7ru8.tradesoft.ru,ar_aevparts,russia,
p7ru8.tradesoft.ru,ar_allpartsaz,russia,
p7ru8.tradesoft.ru,ar_amaxi,russia,
p7ru8.tradesoft.ru,ar_arfacar,russia,
p7ru8.tradesoft.ru,ar_aslparts,russia,
p7ru8.tradesoft.ru,ar_atvleader,russia,
p7ru8.tradesoft.ru,ar_atvleader_test,russia,
p7ru8.tradesoft.ru,ar_auto1,russia,
p7ru8.tradesoft.ru,ar_autochap,russia,
p7ru8.tradesoft.ru,ar_autoexpr_spb,russia,
p7ru8.tradesoft.ru,ar_automag,russia,
p7ru8.tradesoft.ru,ar_autoopt,russia,
p7ru8.tradesoft.ru,ar_autoparts911,russia,
p7ru8.tradesoft.ru,ar_autopartsshop,russia,
p7ru8.tradesoft.ru,ar_autoptm,russia,
p7ru8.tradesoft.ru,ar_autorial,russia,
p7ru8.tradesoft.ru,ar_avcparts,russia,
p7ru8.tradesoft.ru,ar_avto1,russia,
p7ru8.tradesoft.ru,ar_avtoakan,russia,
p7ru8.tradesoft.ru,ar_avtomir,russia,
p7ru8.tradesoft.ru,ar_avtomirnm,russia,
p7ru8.tradesoft.ru,ar_avtotechnik37,russia,
p7ru8.tradesoft.ru,ar_avtotokio,russia,
p7ru8.tradesoft.ru,ar_avtotrade,russia,
p7ru8.tradesoft.ru,ar_avtoytsru,russia,
p7ru8.tradesoft.ru,ar_avtoytsru_upd,russia,
p7ru8.tradesoft.ru,ar_bampik,russia,
p7ru8.tradesoft.ru,ar_bashparts,russia,
p7ru8.tradesoft.ru,ar_bela24,russia,
p7ru8.tradesoft.ru,ar_bikford,russia,
p7ru8.tradesoft.ru,ar_buddobr,russia,
p7ru8.tradesoft.ru,ar_carlego,russia,
p7ru8.tradesoft.ru,ar_carlego_upd,russia,
p7ru8.tradesoft.ru,ar_cityavtoclub,russia,
p7ru8.tradesoft.ru,ar_cosmos,russia,
p7ru8.tradesoft.ru,ar_cosmos_upd,russia,
p7ru8.tradesoft.ru,ar_dealauto,russia,
p7ru8.tradesoft.ru,ar_demo20,russia,
p7ru8.tradesoft.ru,ar_demo200,russia,
p7ru8.tradesoft.ru,ar_demo201,russia,
p7ru8.tradesoft.ru,ar_demo202,russia,
p7ru8.tradesoft.ru,ar_demo203,russia,
p7ru8.tradesoft.ru,ar_demo204,russia,"gmail.com, icloud.com, hotmail.com"
p7ru8.tradesoft.ru,ar_demo23,russia,
p7ru8.tradesoft.ru,ar_demo24,russia,
p7ru8.tradesoft.ru,ar_demo25,russia,
p7ru8.tradesoft.ru,ar_demo28,russia,
p7ru8.tradesoft.ru,ar_demo701,russia,
p7ru8.tradesoft.ru,ar_demo702,russia,
p7ru8.tradesoft.ru,ar_demo703,russia,
p7ru8.tradesoft.ru,ar_demo704,russia,
p7ru8.tradesoft.ru,ar_demo705,russia,
p7ru8.tradesoft.ru,ar_demo706,russia,
p7ru8.tradesoft.ru,ar_demo707,russia,
p7ru8.tradesoft.ru,ar_demo708,russia,
p7ru8.tradesoft.ru,ar_demo709,russia,
p7ru8.tradesoft.ru,ar_demo710,russia,
p7ru8.tradesoft.ru,ar_demo711,russia,
p7ru8.tradesoft.ru,ar_demo712,russia,
p7ru8.tradesoft.ru,ar_demo713,russia,
p7ru8.tradesoft.ru,ar_demo714,russia,
p7ru8.tradesoft.ru,ar_demo715,russia,
p7ru8.tradesoft.ru,ar_demo716,russia,
p7ru8.tradesoft.ru,ar_demo717,russia,
p7ru8.tradesoft.ru,ar_demo718,russia,
p7ru8.tradesoft.ru,ar_demo719,russia,
p7ru8.tradesoft.ru,ar_demo720,russia,
p7ru8.tradesoft.ru,ar_demo721,russia,
p7ru8.tradesoft.ru,ar_demo722,russia,
p7ru8.tradesoft.ru,ar_demo723,russia,
p7ru8.tradesoft.ru,ar_demo724,russia,
p7ru8.tradesoft.ru,ar_demo725,russia,
p7ru8.tradesoft.ru,ar_demo726,russia,
p7ru8.tradesoft.ru,ar_demo727,russia,
p7ru8.tradesoft.ru,ar_demo728,russia,
p7ru8.tradesoft.ru,ar_demo729,russia,
p7ru8.tradesoft.ru,ar_demo730,russia,
p7ru8.tradesoft.ru,ar_demo731,russia,
p7ru8.tradesoft.ru,ar_demo732,russia,
p7ru8.tradesoft.ru,ar_demo733,russia,
p7ru8.tradesoft.ru,ar_demo734,russia,
p7ru8.tradesoft.ru,ar_demo735,russia,
p7ru8.tradesoft.ru,ar_demo736,russia,
p7ru8.tradesoft.ru,ar_demo737,russia,
p7ru8.tradesoft.ru,ar_demo738,russia,
p7ru8.tradesoft.ru,ar_demo739,russia,
p7ru8.tradesoft.ru,ar_demo740,russia,
p7ru8.tradesoft.ru,ar_demo741,russia,
p7ru8.tradesoft.ru,ar_demo742,russia,
p7ru8.tradesoft.ru,ar_demo743,russia,
p7ru8.tradesoft.ru,ar_demo744,russia,
p7ru8.tradesoft.ru,ar_demo745,russia,
p7ru8.tradesoft.ru,ar_demo746,russia,
p7ru8.tradesoft.ru,ar_demo747,russia,
p7ru8.tradesoft.ru,ar_demo748,russia,
p7ru8.tradesoft.ru,ar_demo749,russia,
p7ru8.tradesoft.ru,ar_demo750,russia,
p7ru8.tradesoft.ru,ar_demowar6,russia,
p7ru8.tradesoft.ru,ar_detali77_war6,russia,
p7ru8.tradesoft.ru,ar_detalium1,russia,
p7ru8.tradesoft.ru,ar_ditruck,russia,
p7ru8.tradesoft.ru,ar_ditruck_upd,russia,
p7ru8.tradesoft.ru,ar_efixmall,russia,
p7ru8.tradesoft.ru,ar_eraauto116,russia,
p7ru8.tradesoft.ru,ar_euroasiaru,russia,
p7ru8.tradesoft.ru,ar_euroasiaru_upd,russia,
p7ru8.tradesoft.ru,ar_fago,russia,
p7ru8.tradesoft.ru,ar_fcparts,russia,"gmail.com, icloud.com, hotmail.com, outlook.com, yahoo.com, mail.com, proton.me, aol.com, gmx.com, zoho.com"
p7ru8.tradesoft.ru,ar_garage10,russia,
p7ru8.tradesoft.ru,ar_glanzautopart,russia,
p7ru8.tradesoft.ru,ar_gruzmarket,russia,
p7ru8.tradesoft.ru,ar_henkauto,russia,
p7ru8.tradesoft.ru,ar_injectorspare,russia,
p7ru8.tradesoft.ru,ar_inomarka48,russia,
p7ru8.tradesoft.ru,ar_kaparts,russia,
p7ru8.tradesoft.ru,ar_kaparts_upd,russia,
p7ru8.tradesoft.ru,ar_krimparts,russia,
p7ru8.tradesoft.ru,ar_krimparts_upd,russia,
p7ru8.tradesoft.ru,ar_lastwagen,russia,
p7ru8.tradesoft.ru,ar_lastwagen_1203,russia,
p7ru8.tradesoft.ru,ar_lastwagen_test,russia,
p7ru8.tradesoft.ru,ar_lastwagen_upd,russia,
p7ru8.tradesoft.ru,ar_motorcenterpl,russia,
p7ru8.tradesoft.ru,ar_oilforcar,russia,
p7ru8.tradesoft.ru,ar_optimport,russia,
p7ru8.tradesoft.ru,ar_original19,russia,
p7ru8.tradesoft.ru,ar_p5g23,russia,"gmail.com, icloud.com, hotmail.com, outlook.com, yahoo.com, mail.com, proton.me, aol.com, gmx.com, zoho.com"
p7ru8.tradesoft.ru,ar_p5g23_upd,russia,
p7ru8.tradesoft.ru,ar_part76,russia,
p7ru8.tradesoft.ru,ar_parts98,russia,
p7ru8.tradesoft.ru,ar_partsrise,russia,
p7ru8.tradesoft.ru,ar_pauto18,russia,
p7ru8.tradesoft.ru,ar_petroildv,russia,
p7ru8.tradesoft.ru,ar_proautolive,russia,
p7ru8.tradesoft.ru,ar_ralliport,russia,
p7ru8.tradesoft.ru,ar_reglamentt,russia,
p7ru8.tradesoft.ru,ar_rusamara72,russia,
p7ru8.tradesoft.ru,ar_rusamara72_upd,russia,
p7ru8.tradesoft.ru,ar_sa70ru,russia,
p7ru8.tradesoft.ru,ar_saytzapchasti,russia,
p7ru8.tradesoft.ru,ar_softruck,russia,
p7ru8.tradesoft.ru,ar_softruck_upd,russia,
p7ru8.tradesoft.ru,ar_sync02,russia,
p7ru8.tradesoft.ru,ar_sync03,russia,
p7ru8.tradesoft.ru,ar_sync05,russia,
p7ru8.tradesoft.ru,ar_sync06,russia,
p7ru8.tradesoft.ru,ar_sync07,russia,
p7ru8.tradesoft.ru,ar_tatavto,russia,
p7ru8.tradesoft.ru,ar_tormozoff,russia,
p7ru8.tradesoft.ru,ar_trakshop,russia,
p7ru8.tradesoft.ru,ar_ugenpart,russia,
p7ru8.tradesoft.ru,ar_voltavto,russia,
p7ru8.tradesoft.ru,ar_vrumshop,russia,
p7ru8.tradesoft.ru,ar_vsedetalki,russia,
p7ru8.tradesoft.ru,ar_yapavl,russia,
p7ru8.tradesoft.ru,ar_yumaauto,russia,
p7ru8.tradesoft.ru,ar_zaptat,russia,
p7ru8.tradesoft.ru,ar_zavauto,russia,
p7ru8.tradesoft.ru,s_ar_demo_6_71_w6_masterb3e,russia,
p7ru3.tradesoft.ru,ar_1224rf,russia,
p7ru3.tradesoft.ru,ar_1wpsu,russia,
p7ru3.tradesoft.ru,ar_2024tradesoft,russia,
p7ru3.tradesoft.ru,ar_5w30pro,russia,
p7ru3.tradesoft.ru,ar_adamantzapcha,russia,
p7ru3.tradesoft.ru,ar_advaufa,russia,
p7ru3.tradesoft.ru,ar_afire,russia,
p7ru3.tradesoft.ru,ar_afire_upd,russia,
p7ru3.tradesoft.ru,ar_agant,russia,
p7ru3.tradesoft.ru,ar_akorea,russia,
p7ru3.tradesoft.ru,ar_akorea_upd,russia,
p7ru3.tradesoft.ru,ar_alfaautoparts,russia,
p7ru3.tradesoft.ru,ar_altensa,russia,
p7ru3.tradesoft.ru,ar_ambauto,russia,
p7ru3.tradesoft.ru,ar_amkshop,russia,
p7ru3.tradesoft.ru,ar_amkshop_upd,russia,
p7ru3.tradesoft.ru,ar_apkmarket,russia,
p7ru3.tradesoft.ru,ar_apparatgrupp,russia,
p7ru3.tradesoft.ru,ar_aquatory58,russia,
p7ru3.tradesoft.ru,ar_ar6servicetes,russia,
p7ru3.tradesoft.ru,ar_atm77,russia,
p7ru3.tradesoft.ru,ar_auto_blits,russia,
p7ru3.tradesoft.ru,ar_auto_blits_test,russia,
p7ru3.tradesoft.ru,ar_autocompas,russia,
p7ru3.tradesoft.ru,ar_autodrom74,russia,
p7ru3.tradesoft.ru,ar_autogenika,russia,
p7ru3.tradesoft.ru,ar_automarketra,russia,
p7ru3.tradesoft.ru,ar_automarki,russia,
p7ru3.tradesoft.ru,ar_automax38,russia,
p7ru3.tradesoft.ru,ar_automir,russia,
p7ru3.tradesoft.ru,ar_automotorika,russia,
p7ru3.tradesoft.ru,ar_autoparts35,russia,
p7ru3.tradesoft.ru,ar_autopartsgara,russia,
p7ru3.tradesoft.ru,ar_autopll,russia,
p7ru3.tradesoft.ru,ar_autopolyus,russia,
p7ru3.tradesoft.ru,ar_autosigma,russia,
p7ru3.tradesoft.ru,ar_autosyst,russia,
p7ru3.tradesoft.ru,ar_autotradedn,russia,
p7ru3.tradesoft.ru,ar_autounitstor,russia,
p7ru3.tradesoft.ru,ar_autozapmagazi,russia,
p7ru3.tradesoft.ru,ar_avicar,russia,
p7ru3.tradesoft.ru,ar_avito,russia,
p7ru3.tradesoft.ru,ar_avto17,russia,
p7ru3.tradesoft.ru,ar_avto17_upd,russia,
p7ru3.tradesoft.ru,ar_avto53rf,russia,
p7ru3.tradesoft.ru,ar_avtodom66,russia,
p7ru3.tradesoft.ru,ar_avtodrive63,russia,
p7ru3.tradesoft.ru,ar_avtofanmarket,russia,
p7ru3.tradesoft.ru,ar_avtokoreec66,russia,
p7ru3.tradesoft.ru,ar_avtoland43,russia,
p7ru3.tradesoft.ru,ar_avtolux23,russia,
p7ru3.tradesoft.ru,ar_avtomarketcom,russia,
p7ru3.tradesoft.ru,ar_avtomi,russia,
p7ru3.tradesoft.ru,ar_avtomir45,russia,
p7ru3.tradesoft.ru,ar_avtomir57,russia,
p7ru3.tradesoft.ru,ar_avtomira,russia,
p7ru3.tradesoft.ru,ar_avtonext,russia,
p7ru3.tradesoft.ru,ar_avtopartsrf,russia,
p7ru3.tradesoft.ru,ar_avtoriginal,russia,
p7ru3.tradesoft.ru,ar_avtoshir,russia,
p7ru3.tradesoft.ru,ar_avtosochi,russia,
p7ru3.tradesoft.ru,ar_avtosochi_upd,russia,
p7ru3.tradesoft.ru,ar_avtotexnic,russia,
p7ru3.tradesoft.ru,ar_avtovector63,russia,
p7ru3.tradesoft.ru,ar_avtovozkatlt,russia,
p7ru3.tradesoft.ru,ar_avtozapch24,russia,
p7ru3.tradesoft.ru,ar_avtozapmsk,russia,
p7ru3.tradesoft.ru,ar_azauto,russia,
p7ru3.tradesoft.ru,ar_azovzapp,russia,
p7ru3.tradesoft.ru,ar_b2btdmos,russia,
p7ru3.tradesoft.ru,ar_banzai_vrn,russia,
p7ru3.tradesoft.ru,ar_banzayavto,russia,
p7ru3.tradesoft.ru,ar_berizapchast,russia,
p7ru3.tradesoft.ru,ar_bigauto16,russia,
p7ru3.tradesoft.ru,ar_bigrusparts,russia,
p7ru3.tradesoft.ru,ar_birzhadetaley,russia,
p7ru3.tradesoft.ru,ar_bnzshop,russia,
p7ru3.tradesoft.ru,ar_bnzshop_upd,russia,
p7ru3.tradesoft.ru,ar_brookstore,russia,
p7ru3.tradesoft.ru,ar_broparts,russia,
p7ru3.tradesoft.ru,ar_bumauto,russia,
p7ru3.tradesoft.ru,ar_bumavto,russia,
p7ru3.tradesoft.ru,ar_byruavtozap,russia,
p7ru3.tradesoft.ru,ar_carbuxsochi,russia,
p7ru3.tradesoft.ru,ar_carparts22,russia,
p7ru3.tradesoft.ru,ar_carsdam,russia,
p7ru3.tradesoft.ru,ar_cartodrom,russia,
p7ru3.tradesoft.ru,ar_centrzap,russia,
p7ru3.tradesoft.ru,ar_clickparts,russia,
p7ru3.tradesoft.ru,ar_comtrans,russia,
p7ru3.tradesoft.ru,ar_comtrans_upd,russia,
p7ru3.tradesoft.ru,ar_d1funikuler,russia,
p7ru3.tradesoft.ru,ar_darparts,russia,
p7ru3.tradesoft.ru,ar_demo202,russia,
p7ru3.tradesoft.ru,ar_demo27,russia,
p7ru3.tradesoft.ru,ar_demotradesoft,russia,
p7ru3.tradesoft.ru,ar_detalika,russia,
p7ru3.tradesoft.ru,ar_detalishop,russia,
p7ru3.tradesoft.ru,ar_detalizon,russia,
p7ru3.tradesoft.ru,ar_detalonline,russia,
p7ru3.tradesoft.ru,ar_dimexpro,russia,
p7ru3.tradesoft.ru,ar_discountzap,russia,
p7ru3.tradesoft.ru,ar_dldet,russia,
p7ru3.tradesoft.ru,ar_dltechnics,russia,
p7ru3.tradesoft.ru,ar_dlyavto,russia,
p7ru3.tradesoft.ru,ar_dmdzap,russia,
p7ru3.tradesoft.ru,ar_dok37,russia,
p7ru3.tradesoft.ru,ar_dok37_upd,russia,
p7ru3.tradesoft.ru,ar_drakonauto65,russia,
p7ru3.tradesoft.ru,ar_drayver72,russia,
p7ru3.tradesoft.ru,ar_drevdomzap,russia,"gmail.com, icloud.com, hotmail.com"
p7ru3.tradesoft.ru,ar_dvizhline,russia,
p7ru3.tradesoft.ru,ar_dvizhok,russia,
p7ru3.tradesoft.ru,ar_dzenauto,russia,
p7ru3.tradesoft.ru,ar_etrak,russia,
p7ru3.tradesoft.ru,ar_eugeneparts,russia,
p7ru3.tradesoft.ru,ar_eurocar,russia,
p7ru3.tradesoft.ru,ar_eurotp,russia,
p7ru3.tradesoft.ru,ar_eurotp_upd,russia,
p7ru3.tradesoft.ru,ar_everest,russia,
p7ru3.tradesoft.ru,ar_evrozapchast,russia,
p7ru3.tradesoft.ru,ar_exmotrs,russia,
p7ru3.tradesoft.ru,ar_felixauto,russia,
p7ru3.tradesoft.ru,ar_fenixnsk,russia,
p7ru3.tradesoft.ru,ar_festronik,russia,
p7ru3.tradesoft.ru,ar_forcars,russia,
p7ru3.tradesoft.ru,ar_foxyparts,russia,
p7ru3.tradesoft.ru,ar_fpsparts,russia,
p7ru3.tradesoft.ru,ar_franccar74,russia,
p7ru3.tradesoft.ru,ar_gearsparts,russia,
p7ru3.tradesoft.ru,ar_geekauto,russia,
p7ru3.tradesoft.ru,ar_geekauto_upd,russia,
p7ru3.tradesoft.ru,ar_hengstfilter,russia,"gmail.com, icloud.com, hotmail.com"
p7ru3.tradesoft.ru,ar_hotor,russia,
p7ru3.tradesoft.ru,ar_inclubservice,russia,
p7ru3.tradesoft.ru,ar_indetal24,russia,
p7ru3.tradesoft.ru,ar_inomarkanet,russia,
p7ru3.tradesoft.ru,ar_interpartssto,russia,
p7ru3.tradesoft.ru,ar_kartergaza,russia,
p7ru3.tradesoft.ru,ar_kentauto,russia,
p7ru3.tradesoft.ru,ar_kfparts,russia,
p7ru3.tradesoft.ru,ar_kfparts_upd,russia,
p7ru3.tradesoft.ru,ar_kitcar,russia,
p7ru3.tradesoft.ru,ar_kldparts,russia,
p7ru3.tradesoft.ru,ar_kmavto,russia,
p7ru3.tradesoft.ru,ar_koreacustom,russia,
p7ru3.tradesoft.ru,ar_koreaplus,russia,
p7ru3.tradesoft.ru,ar_korsp,russia,
p7ru3.tradesoft.ru,ar_krdavtoshop,russia,
p7ru3.tradesoft.ru,ar_krukparts,russia,
p7ru3.tradesoft.ru,ar_lakituls,russia,
p7ru3.tradesoft.ru,ar_lalauto,russia,
p7ru3.tradesoft.ru,ar_lalauto_test,russia,
p7ru3.tradesoft.ru,ar_lkauto96,russia,
p7ru3.tradesoft.ru,ar_llcars,russia,
p7ru3.tradesoft.ru,ar_locshopru,russia,
p7ru3.tradesoft.ru,ar_magistral,russia,
p7ru3.tradesoft.ru,ar_magistral032,russia,
p7ru3.tradesoft.ru,ar_makkrf,russia,
p7ru3.tradesoft.ru,ar_megazapchasti,russia,
p7ru3.tradesoft.ru,ar_megogroup,russia,
p7ru3.tradesoft.ru,ar_mirprosto,russia,
p7ru3.tradesoft.ru,ar_mkspartsru,russia,
p7ru3.tradesoft.ru,ar_monopartru,russia,
p7ru3.tradesoft.ru,ar_mp500,russia,
p7ru3.tradesoft.ru,ar_mysparts,russia,
p7ru3.tradesoft.ru,ar_mysparts_upd,russia,
p7ru3.tradesoft.ru,ar_newtodx,russia,
p7ru3.tradesoft.ru,ar_nicarstore,russia,
p7ru3.tradesoft.ru,ar_nikolashnikav,russia,
p7ru3.tradesoft.ru,ar_nordchinatruc,russia,
p7ru3.tradesoft.ru,ar_oilhub125,russia,
p7ru3.tradesoft.ru,ar_olexoil,russia,
p7ru3.tradesoft.ru,ar_olimpgroup,russia,
p7ru3.tradesoft.ru,ar_olimpgroup_upd,russia,
p7ru3.tradesoft.ru,ar_omegapartshop,russia,"gmail.com, icloud.com, hotmail.com"
p7ru3.tradesoft.ru,ar_onlineavtozap,russia,
p7ru3.tradesoft.ru,ar_optimalauto,russia,
p7ru3.tradesoft.ru,ar_originalavto,russia,
p7ru3.tradesoft.ru,ar_partbus,russia,
p7ru3.tradesoft.ru,ar_partexjp,russia,
p7ru3.tradesoft.ru,ar_parts,russia,
p7ru3.tradesoft.ru,ar_parts24online,russia,
p7ru3.tradesoft.ru,ar_partsabc,russia,
p7ru3.tradesoft.ru,ar_partsautospot,russia,
p7ru3.tradesoft.ru,ar_partsdepartme,russia,
p7ru3.tradesoft.ru,ar_partsgenetics,russia,
p7ru3.tradesoft.ru,ar_partskronos5,russia,
p7ru3.tradesoft.ru,ar_partspatron,russia,
p7ru3.tradesoft.ru,ar_partspatron_test,russia,
p7ru3.tradesoft.ru,ar_partspatron_upd,russia,
p7ru3.tradesoft.ru,ar_partspulse,russia,
p7ru3.tradesoft.ru,ar_pechorapart,russia,
p7ru3.tradesoft.ru,ar_pilotmobil,russia,
p7ru3.tradesoft.ru,ar_podshipnikser,russia,
p7ru3.tradesoft.ru,ar_proavto74,russia,
p7ru3.tradesoft.ru,ar_profzap88,russia,
p7ru3.tradesoft.ru,ar_proopt,russia,
p7ru3.tradesoft.ru,ar_prozap02,russia,
p7ru3.tradesoft.ru,ar_qatspro,russia,
p7ru3.tradesoft.ru,ar_ralli12,russia,
p7ru3.tradesoft.ru,ar_rashodnik196,russia,
p7ru3.tradesoft.ru,ar_redshina,russia,
p7ru3.tradesoft.ru,ar_remavtovolhov,russia,
p7ru3.tradesoft.ru,ar_remzona05,russia,
p7ru3.tradesoft.ru,ar_resonance38,russia,
p7ru3.tradesoft.ru,ar_rfauto,russia,
p7ru3.tradesoft.ru,ar_rotorparts,russia,
p7ru3.tradesoft.ru,ar_rotorparts_test,russia,
p7ru3.tradesoft.ru,ar_rotorzap1,russia,
p7ru3.tradesoft.ru,ar_servicea5clie,russia,
p7ru3.tradesoft.ru,ar_serviceanchor,russia,
p7ru3.tradesoft.ru,ar_serviceanchor_upd,russia,
p7ru3.tradesoft.ru,ar_sevelparts,russia,
p7ru3.tradesoft.ru,ar_shopautopll,russia,
p7ru3.tradesoft.ru,ar_shopkomponent,russia,"gmail.com, icloud.com, hotmail.com"
p7ru3.tradesoft.ru,ar_shopsolexauto,russia,
p7ru3.tradesoft.ru,ar_shopvdrive,russia,
p7ru3.tradesoft.ru,ar_sindikatavto,russia,
p7ru3.tradesoft.ru,ar_skladsitrak,russia,
p7ru3.tradesoft.ru,ar_slonparts,russia,
p7ru3.tradesoft.ru,ar_snikolaev,russia,
p7ru3.tradesoft.ru,ar_spareprice,russia,"gmail.com, icloud.com, hotmail.com"
p7ru3.tradesoft.ru,ar_sparts,russia,
p7ru3.tradesoft.ru,ar_spg174,russia,
p7ru3.tradesoft.ru,ar_spmotors1,russia,
p7ru3.tradesoft.ru,ar_spzega,russia,
p7ru3.tradesoft.ru,ar_sssmotors,russia,
p7ru3.tradesoft.ru,ar_suzukizapp,russia,
p7ru3.tradesoft.ru,ar_tazauto,russia,
p7ru3.tradesoft.ru,ar_teamauto,russia,
p7ru3.tradesoft.ru,ar_testkulundasi,russia,
p7ru3.tradesoft.ru,ar_teyes05,russia,
p7ru3.tradesoft.ru,ar_tomarket,russia,
p7ru3.tradesoft.ru,ar_tpremiumparts,russia,
p7ru3.tradesoft.ru,ar_tradepro,russia,"gmail.com, icloud.com, hotmail.com"
p7ru3.tradesoft.ru,ar_unixauto,russia,
p7ru3.tradesoft.ru,ar_vabazon,russia,
p7ru3.tradesoft.ru,ar_vamatek2,russia,
p7ru3.tradesoft.ru,ar_variantauto,russia,
p7ru3.tradesoft.ru,ar_vdetalyah,russia,
p7ru3.tradesoft.ru,ar_verra,russia,
p7ru3.tradesoft.ru,ar_versta24,russia,
p7ru3.tradesoft.ru,ar_vin118,russia,
p7ru3.tradesoft.ru,ar_viniq,russia,
p7ru3.tradesoft.ru,ar_vmashinee,russia,
p7ru3.tradesoft.ru,ar_voltagshop,russia,
p7ru3.tradesoft.ru,ar_vrumshop,russia,
p7ru3.tradesoft.ru,ar_vseavtozapcha,russia,
p7ru3.tradesoft.ru,ar_wagon18,russia,
p7ru3.tradesoft.ru,ar_westpart,russia,
p7ru3.tradesoft.ru,ar_zap118,russia,
p7ru3.tradesoft.ru,ar_zap27,russia,
p7ru3.tradesoft.ru,ar_zap96,russia,
p7ru3.tradesoft.ru,ar_zapautolegmot,russia,
p7ru3.tradesoft.ru,ar_zapchast29,russia,
p7ru3.tradesoft.ru,ar_zapchastexpre,russia,
p7ru3.tradesoft.ru,ar_zapchastinch,russia,
p7ru3.tradesoft.ru,ar_zapfix,russia,
p7ru3.tradesoft.ru,ar_zappmsk,russia,
p7ru3.tradesoft.ru,ar_zapspro,russia,
p7ru3.tradesoft.ru,ar_zapspro_upd,russia,
p7ru3.tradesoft.ru,ar_zcar1,russia,
p7ru3.tradesoft.ru,ar_zcar1_test,russia,
p7ru3.tradesoft.ru,ar_zelviz,russia,
p7ru3.tradesoft.ru,ar_zelviz_upd,russia,
p7ru3.tradesoft.ru,ar_zharzp,russia,
p7ru3.tradesoft.ru,ar_zipzam,russia,
p7ru3.tradesoft.ru,ar_zpdarom,russia,
p7ru3.tradesoft.ru,ar_zzapaz,russia,
p7ru3.tradesoft.ru,test_test,russia,
